<?xml version='1.0' encoding='utf-8' standalone='yes' ?>
<map>
    <int name="key_name_stories" value="-15821670" />
    <int name="ModChatBubbleText" value="-16777216" />
    <int name="ModChaSendBKColor" value="-16764929" />
    <int name="rvkdmsg_icon_color" value="-16777216" />
    <boolean name="disable_hiddenchat_access" value="false" />
    <boolean name="my_statusd" value="false" />
    <string name="key_quick_position">top</string>
    <boolean name="ModChatGStatusB_Gactive" value="false" />
    <boolean name="imsHideVStatus" value="false" />
    <boolean name="ModContactNameColor_Gactive" value="false" />
    <boolean name="newAttach_BottomDesign" value="false" />
    <int name="ModFabNormalColor" value="-16764929" />
    <boolean name="hide_action_l" value="true" />
    <boolean name="hide_action_m" value="true" />
    <int name="ModContactNameColor" value="-16777216" />
    <boolean name="Conv_call_btn" value="false" />
    <boolean name="Audio_sensor" value="true" />
    <boolean name="Hide_div" value="false" />
    <int name="UnSeenColor" value="-15821670" />
    <boolean name="tabadgeTextColor_Gactive" value="false" />
    <boolean name="BGColor_Gactive" value="false" />
    <boolean name="HomeBarText_Gactive" value="false" />
    <boolean name="list_bg_color_Gactive" value="false" />
    <boolean name="NameProf" value="false" />
    <boolean name="ModChatEmojiColor_Gactive" value="false" />
    <boolean name="ModChatBtnColor_Gactive" value="false" />
    <int name="ModChatRightBubble" value="-16764929" />
    <boolean name="onlinechat" value="false" />
    <int name="ModChatLeftBubble" value="-15821670" />
    <boolean name="ModChaSendBKColor_Gactive" value="false" />
    <boolean name="enable_fivminstatus" value="true" />
    <string name="ui_home_styleV3">one</string>
    <boolean name="pagetitle_sel_picker_Gactive" value="false" />
    <string name="convostyle">2</string>
    <int name="HomeCounterBK" value="-15821670" />
    <int name="ModChatBubbleTextLeft" value="-16777216" />
    <boolean name="yo_want_airplanemode" value="true" />
    <int name="ModDarkConPickColor" value="-16764929" />
    <boolean name="enable_grp_separationV2" value="true" />
    <boolean name="chat_contactpicV2" value="false" />
    <boolean name="yo_multi_account_menu" value="true" />
    <boolean name="key_counter_tx_Gactive" value="false" />
    <boolean name="chat_mypicV2" value="false" />
    <int name="ModConTextColor" value="-16777216" />
    <int name="list_bg_color" value="14998272" />
    <boolean name="ModConTextColor_Gactive" value="false" />
    <boolean name="group_mypicV2" value="false" />
    <boolean name="key_with_thumb" value="false" />
    <boolean name="ModOnlineColor_Gactive" value="false" />
    <boolean name="yo_hideinfo" value="false" />
    <boolean name="PicProf" value="false" />
    <boolean name="Hide_contact_picker_section_recent_chats" value="false" />
    <int name="key_counter_tx" value="-16777216" />
    <int name="HomeCounterText" value="-16764929" />
    <boolean name="SeenColor_Gactive" value="false" />
    <boolean name="tabadgeBKColor_Gactive" value="false" />
    <boolean name="ModChatColor_Gactive" value="false" />
    <string name="bubble_style">bubble</string>
    <boolean name="onlineDotchat" value="false" />
    <int name="ModChatBtnColor" value="-16764929" />
    <boolean name="key_counter_bg_Gactive" value="false" />
    <int name="ModlastseenColor" value="-16777216" />
    <boolean name="Hide_contact_picker_section_frequent_chats" value="false" />
    <boolean name="ModChatLeftBubble_Gactive" value="false" />
    <int name="ModDarkConPickColorNav" value="-16764929" />
    <string name="pic_startlocation">1</string>
    <boolean name="AttBt" value="false" />
    <boolean name="pic_inside" value="false" />
    <int name="BGColor" value="-15821670" />
    <boolean name="yo_hide_msg_translator" value="false" />
    <boolean name="HomeCounterText_Gactive" value="false" />
    <boolean name="ModDarkConPickColor_Gactive" value="false" />
    <boolean name="pagetitle_picker_Gactive" value="false" />
    <boolean name="ModChatBubbleText_Gactive" value="false" />
    <boolean name="statuschat" value="false" />
    <boolean name="want_status_toast" value="false" />
    <int name="statuses_bar_bg_picker" value="-16777216" />
    <int name="ModChatEmojiColor" value="-16764929" />
    <boolean name="ModChaSendColor_Gactive" value="false" />
    <int name="ModChatGStatusB" value="-16777216" />
    <int name="ModChaSendColor" value="-16764929" />
    <int name="pagetitle_sel_picker" value="-15821670" />
    <boolean name="ModDarkConPickColorNav_Gactive" value="false" />
    <int name="HomeBarText" value="-16764929" />
    <int name="key_counter_bg" value="-15821670" />
    <boolean name="imsHideRStatus" value="false" />
    <int name="ModChatGStatusT" value="-15821670" />
    <boolean name="hide_message_bomber" value="false" />
    <int name="tabadgeBKColor" value="-15821670" />
    <boolean name="log_show_name_check" value="true" />
    <boolean name="HomeCounterBK_Gactive" value="false" />
    <boolean name="home_imgBK" value="true" />
    <boolean name="tabindicator_Gactive" value="false" />
    <int name="statuses_bar_text_picker" value="-16764929" />
    <boolean name="isSwipeEnabledV2" value="false" />
    <boolean name="custom_wall_profilepic" value="false" />
    <boolean name="Hide_contact_picker_section_other_contacts" value="false" />
    <boolean name="enable_ig_stories" value="false" />
    <boolean name="stkr_wantsendconfirmation" value="true" />
    <int name="ModConPickColor" value="14998272" />
    <int name="tabadgeTextColor" value="-16764929" />
    <string name="ConvoEntry">22</string>
    <int name="ModConColor" value="14998272" />
    <boolean name="chats_show_contact_online_toast_check" value="false" />
    <string name="key_story_view">0</string>
    <string name="tick_style">greentick</string>
    <boolean name="read_more" value="false" />
    <boolean name="hide_fab" value="true" />
    <boolean name="hide_del_icon" value="false" />
    <boolean name="ModChatGStatusT_Gactive" value="false" />
    <boolean name="rvkdmsg_icon_color_Gactive" value="false" />
    <boolean name="yo_want_nightmode" value="true" />
    <int name="tabindicator" value="-16764929" />
    <boolean name="imsHideMStatus" value="false" />
    <boolean name="UnSeenColor_Gactive" value="false" />
    <boolean name="ModChatTextColor_Gactive" value="false" />
    <string name="ui_bottom_style">one</string>
    <boolean name="key_quick_view" value="false" />
    <boolean name="my_name" value="false" />
    <int name="pic_chat_size_pickerV2" value="40" />
    <int name="pagetitle_picker" value="-16764929" />
    <boolean name="custom_wall" value="false" />
    <boolean name="ModChatBubbleTextLeft_Gactive" value="false" />
    <boolean name="ModChatEntry_Gactive" value="false" />
    <boolean name="elapsed_time" value="false" />
    <boolean name="ModlastseenColor_Gactive" value="false" />
    <boolean name="ModFabNormalColor_Gactive" value="false" />
    <boolean name="hide_action_a" value="true" />
    <boolean name="Audio_ears" value="false" />
    <boolean name="hide_action_b" value="true" />
    <int name="ModChatEntry" value="14998272" />
    <string name="inconvo_trans_option">in-y</string>
    <int name="square_photo_ratio_picker" value="100" />
    <boolean name="statuses_bar_bg_picker_Gactive" value="false" />
    <boolean name="key_name_stories_Gactive" value="false" />
    <int name="ModChatTextColor" value="-16777216" />
    <boolean name="group_participants_picV2" value="true" />
    <boolean name="ModConPickColor_Gactive" value="false" />
    <string name="HomeEntry">yousef</string>
    <boolean name="statuses_bar_text_picker_Gactive" value="false" />
    <int name="main_text" value="17" />
    <boolean name="ModChatRightBubble_Gactive" value="false" />
    <int name="SeenColor" value="-16764929" />
    <boolean name="ModConColor_Gactive" value="false" />
    <int name="text_size_pick" value="16" />
    <int name="ModOnlineColor" value="-16764929" />
</map>
