<?xml version='1.0' encoding='utf-8' standalone='yes' ?>
<map>
    <string name="key_story_view">0</string>
    <boolean name="yo_want_airplanemode" value="true" />
    <boolean name="hide_fab" value="true" />
    <boolean name="disable_hiddenchat_access" value="false" />
    <boolean name="want_status_toast" value="false" />
    <boolean name="enable_grp_separationV2" value="true" />
    <boolean name="my_statusd" value="false" />
    <boolean name="yo_want_nightmode" value="true" />
    <boolean name="yo_multi_account_menu" value="true" />
    <boolean name="my_name" value="false" />
    <boolean name="hide_action_l" value="true" />
    <boolean name="hide_action_m" value="true" />
    <boolean name="Conv_call_btn" value="false" />
    <boolean name="Hide_div" value="false" />
    <boolean name="yo_hideinfo" value="false" />
    <boolean name="PicProf" value="false" />
    <boolean name="followInsta" value="true" />
    <boolean name="Hide_contact_picker_section_recent_chats" value="false" />
    <boolean name="log_show_name_check" value="true" />
    <boolean name="hide_action_a" value="true" />
    <boolean name="hide_action_b" value="true" />
    <int name="square_photo_ratio_picker" value="100" />
    <boolean name="Hide_contact_picker_section_other_contacts" value="false" />
    <string name="HomeEntry">yousef</string>
    <boolean name="enable_ig_stories" value="false" />
    <boolean name="Hide_contact_picker_section_frequent_chats" value="false" />
    <boolean name="AttBt" value="false" />
    <int name="main_text" value="17" />
    <string name="ui_home_styleV3">stock</string>
    <boolean name="chats_show_contact_online_toast_check" value="false" />
    <int name="text_size_pick" value="16" />
</map>
