<?xml version='1.0' encoding='utf-8' standalone='yes' ?>
<map>
    <int name="key_name_stories" value="-7112691" />
    <int name="ModChaSendBKColor" value="-2375857" />
    <int name="ModChatBubbleText" value="-1" />
    <int name="rvkdmsg_icon_color" value="-7859951" />
    <boolean name="disable_hiddenchat_access" value="false" />
    <boolean name="my_statusd" value="false" />
    <string name="key_quick_position">top</string>
    <boolean name="ModChatGStatusB_Gactive" value="false" />
    <boolean name="imsHideVStatus" value="false" />
    <int name="emojipopup_icons" value="-9606638" />
    <boolean name="ModContactNameColor_Gactive" value="false" />
    <boolean name="date_bubble_color_picker_Gactive" value="false" />
    <int name="ModFabNormalColor" value="-7112691" />
    <boolean name="newAttach_BottomDesign" value="false" />
    <boolean name="hide_action_l" value="true" />
    <int name="ModContactNameColor" value="-7859951" />
    <boolean name="hide_action_m" value="true" />
    <boolean name="Audio_sensor" value="true" />
    <boolean name="Conv_call_btn" value="false" />
    <boolean name="Hide_div" value="false" />
    <int name="UnSeenColor" value="-9606638" />
    <boolean name="tabadgeTextColor_Gactive" value="false" />
    <boolean name="BGColor_Gactive" value="false" />
    <boolean name="HomeBarText_Gactive" value="false" />
    <boolean name="list_bg_color_Gactive" value="false" />
    <int name="date_right_color" value="-16777216" />
    <int name="emojipopup_body" value="-2375857" />
    <boolean name="NameProf" value="false" />
    <boolean name="ModChatEmojiColor_Gactive" value="false" />
    <boolean name="emojipopup_body_Gactive" value="false" />
    <boolean name="ModChatBtnColor_Gactive" value="false" />
    <int name="ModChatRightBubble" value="-10545642" />
    <boolean name="ModHomeMentionIconColor_Gactive" value="false" />
    <boolean name="onlinechat" value="false" />
    <boolean name="ModChaSendBKColor_Gactive" value="false" />
    <int name="ModChatLeftBubble" value="-7859951" />
    <boolean name="enable_fivminstatus" value="true" />
    <string name="ui_home_styleV3">ios</string>
    <boolean name="pagetitle_sel_picker_Gactive" value="false" />
    <string name="convostyle">2</string>
    <int name="HomeCounterBK" value="-9606638" />
    <int name="ModChatBubbleTextLeft" value="-1" />
    <int name="ModHomeMentionIconColor" value="-7859951" />
    <boolean name="yo_want_airplanemode" value="true" />
    <int name="ModDarkConPickColor" value="14998272" />
    <boolean name="enable_grp_separationV2" value="true" />
    <boolean name="chat_contactpicV2" value="false" />
    <boolean name="yo_multi_account_menu" value="true" />
    <boolean name="key_counter_tx_Gactive" value="false" />
    <int name="ModConTextColor" value="-7112691" />
    <boolean name="chat_mypicV2" value="false" />
    <int name="list_bg_color" value="-7112691" />
    <boolean name="ModConTextColor_Gactive" value="false" />
    <boolean name="group_mypicV2" value="false" />
    <boolean name="key_with_thumb" value="false" />
    <boolean name="ModOnlineColor_Gactive" value="false" />
    <boolean name="yo_hideinfo" value="true" />
    <boolean name="followInsta" value="true" />
    <boolean name="Hide_contact_picker_section_recent_chats" value="false" />
    <boolean name="PicProf" value="false" />
    <boolean name="date_divider_color_picker_Gactive" value="false" />
    <int name="key_counter_tx" value="-10545642" />
    <int name="HomeCounterText" value="-7112691" />
    <boolean name="SeenColor_Gactive" value="false" />
    <boolean name="btn_voice_color_chat_picker_Gactive" value="false" />
    <boolean name="tabadgeBKColor_Gactive" value="false" />
    <boolean name="ModChatColor_Gactive" value="false" />
    <string name="bubble_style">rcburbuja2</string>
    <boolean name="onlineDotchat" value="false" />
    <int name="ModChatBtnColor" value="-10545642" />
    <int name="ModChatBubbleHyperlinks" value="-9606638" />
    <int name="ModlastseenColor" value="-7112691" />
    <boolean name="key_counter_bg_Gactive" value="false" />
    <boolean name="Hide_contact_picker_section_frequent_chats" value="false" />
    <boolean name="ModChatLeftBubble_Gactive" value="false" />
    <int name="ModDarkConPickColorNav" value="-7112691" />
    <string name="pic_startlocation">1</string>
    <int name="BGColor" value="-7112691" />
    <boolean name="pic_inside" value="false" />
    <boolean name="yo_hide_msg_translator" value="false" />
    <boolean name="HomeCounterText_Gactive" value="false" />
    <int name="date_left_color" value="-10545642" />
    <boolean name="ModDarkConPickColor_Gactive" value="false" />
    <boolean name="pagetitle_picker_Gactive" value="false" />
    <boolean name="ModChatBubbleText_Gactive" value="false" />
    <boolean name="statuschat" value="false" />
    <boolean name="want_status_toast" value="false" />
    <int name="date_bubble_color_picker" value="-9606638" />
    <int name="seekbar_color_chat_picker" value="-7859951" />
    <int name="statuses_bar_bg_picker" value="-16777216" />
    <int name="ModChatEmojiColor" value="-10545642" />
    <boolean name="ModChaSendColor_Gactive" value="false" />
    <int name="ModChatGStatusB" value="-10545642" />
    <int name="ModChaSendColor" value="-10545642" />
    <int name="emojipopup_header" value="-7859951" />
    <boolean name="emojipopup_icons_Gactive" value="false" />
    <int name="pagetitle_sel_picker" value="-2375857" />
    <boolean name="ModDarkConPickColorNav_Gactive" value="false" />
    <int name="HomeBarText" value="-7112691" />
    <int name="key_counter_bg" value="-2375857" />
    <boolean name="onlineDotchatColor_Gactive" value="false" />
    <int name="ModChatColor" value="14998272" />
    <boolean name="imsHideRStatus" value="false" />
    <int name="ModChatGStatusT" value="-16777216" />
    <int name="tabadgeBKColor" value="-7112691" />
    <boolean name="hide_message_bomber" value="false" />
    <boolean name="emojipopup_header_Gactive" value="false" />
    <boolean name="HomeCounterBK_Gactive" value="false" />
    <boolean name="home_imgBK" value="true" />
    <boolean name="tabindicator_Gactive" value="false" />
    <int name="statuses_bar_text_picker" value="-7859951" />
    <boolean name="ModHomeMentionIndBackground_Gactive" value="false" />
    <boolean name="isSwipeEnabledV2" value="false" />
    <boolean name="custom_wall_profilepic" value="false" />
    <boolean name="Hide_contact_picker_section_other_contacts" value="false" />
    <boolean name="seekbar_color_chat_picker_Gactive" value="false" />
    <boolean name="enable_ig_stories" value="false" />
    <boolean name="stkr_wantsendconfirmation" value="true" />
    <int name="ModConPickColor" value="14998272" />
    <boolean name="date_right_color_Gactive" value="false" />
    <int name="tabadgeTextColor" value="-10545642" />
    <string name="ConvoEntry">7</string>
    <int name="ModConColor" value="14998272" />
    <boolean name="chats_show_contact_online_toast_check" value="false" />
    <string name="key_story_view">0</string>
    <string name="tick_style">ios</string>
    <boolean name="read_more" value="false" />
    <boolean name="hide_fab" value="true" />
    <boolean name="hide_del_icon" value="false" />
    <boolean name="ModChatGStatusT_Gactive" value="false" />
    <boolean name="date_left_color_Gactive" value="false" />
    <boolean name="rvkdmsg_icon_color_Gactive" value="false" />
    <boolean name="yo_want_nightmode" value="true" />
    <int name="tabindicator" value="-7859951" />
    <boolean name="imsHideMStatus" value="false" />
    <boolean name="UnSeenColor_Gactive" value="false" />
    <boolean name="ModChatTextColor_Gactive" value="false" />
    <string name="ui_bottom_style">ios</string>
    <boolean name="key_quick_view" value="false" />
    <boolean name="my_name" value="false" />
    <int name="pic_chat_size_pickerV2" value="40" />
    <int name="pagetitle_picker" value="-7112691" />
    <boolean name="custom_wall" value="false" />
    <boolean name="ModChatBubbleTextLeft_Gactive" value="false" />
    <boolean name="ModChatEntry_Gactive" value="false" />
    <boolean name="elapsed_time" value="false" />
    <int name="btn_voice_color_chat_picker" value="-10545642" />
    <boolean name="ModlastseenColor_Gactive" value="false" />
    <int name="onlineDotchatColor" value="-16777216" />
    <int name="ModHomeMentionIndBackground" value="-9606638" />
    <boolean name="ModFabNormalColor_Gactive" value="false" />
    <int name="participant_name_color_picker" value="-10545642" />
    <boolean name="hide_action_a" value="true" />
    <boolean name="hide_action_b" value="true" />
    <boolean name="Audio_ears" value="false" />
    <int name="ModChatEntry" value="-9606638" />
    <string name="inconvo_trans_option">in-y</string>
    <int name="square_photo_ratio_picker" value="100" />
    <boolean name="statuses_bar_bg_picker_Gactive" value="false" />
    <boolean name="key_name_stories_Gactive" value="false" />
    <int name="ModChatTextColor" value="-7859951" />
    <boolean name="group_participants_picV2" value="true" />
    <boolean name="participant_name_color_picker_Gactive" value="false" />
    <boolean name="ModConPickColor_Gactive" value="false" />
    <string name="HomeEntry">0</string>
    <boolean name="ModChatBubbleHyperlinks_Gactive" value="false" />
    <boolean name="statuses_bar_text_picker_Gactive" value="false" />
    <int name="date_divider_color_picker" value="-7112691" />
    <int name="main_text" value="17" />
    <boolean name="ModChatRightBubble_Gactive" value="false" />
    <int name="SeenColor" value="-10545642" />
    <boolean name="ModConColor_Gactive" value="false" />
    <int name="ModOnlineColor" value="-7859951" />
    <int name="text_size_pick" value="15" />
</map>
